船舶类型_标准化,平均速度(kts),重油IFO(mt)_mean,重油IFO(mt)_std,重油IFO(mt)_count,船舶载重(t)_mean,载重状态系数_mean,综合效率指标_mean
Bulk Carrier,0.0,9.08,10.1,11,123055.0,0.89,0.0
Bulk Carrier,5.0,17.39,10.14,6,67566.33,0.98,0.49
Bulk Carrier,5.5,22.76,9.87,11,76925.73,1.0,0.55
Bulk Carrier,5.67,23.39,3.58,5,51881.0,0.97,0.55
Bulk Carrier,5.83,16.78,6.51,6,60973.77,0.98,0.57
Bulk Carrier,5.96,22.87,3.31,8,62145.38,0.98,0.58
Bulk Carrier,6.0,23.34,3.17,9,69335.67,0.98,0.59
Bulk Carrier,6.13,24.61,2.32,5,76085.0,1.0,0.61
Bulk Carrier,6.17,20.26,10.26,8,69896.0,0.98,0.61
Bulk Carrier,6.21,16.25,10.23,5,54754.2,0.97,0.6
Bulk Carrier,6.25,24.4,3.32,7,69882.14,0.96,0.6
Bulk Carrier,6.29,20.06,5.64,7,51668.71,0.96,0.6
Bulk Carrier,6.42,15.84,9.2,5,51073.6,1.0,0.64
Bulk Carrier,6.46,24.05,3.82,5,73483.4,1.0,0.65
Bulk Carrier,6.5,24.02,6.35,10,65616.5,1.0,0.65
Bulk Carrier,6.54,23.51,0.9,8,69907.25,1.0,0.65
Bulk Carrier,6.58,18.42,10.08,11,70875.18,1.0,0.66
Bulk Carrier,6.6,12.48,7.83,6,32194.17,1.0,0.66
Bulk Carrier,6.67,21.66,3.73,5,66528.0,1.0,0.67
Bulk Carrier,6.7,13.62,7.85,7,54819.71,0.96,0.64
Bulk Carrier,6.71,18.0,10.96,10,65523.6,0.97,0.65
Bulk Carrier,6.75,15.73,8.73,9,53823.56,0.97,0.65
Bulk Carrier,6.8,19.3,5.17,9,48134.11,1.0,0.68
Bulk Carrier,6.83,19.58,7.98,10,58164.3,0.97,0.66
Bulk Carrier,6.88,18.78,8.01,8,63957.75,0.96,0.66
Bulk Carrier,6.9,22.33,14.39,8,89512.38,0.94,0.65
Bulk Carrier,6.92,21.81,4.01,8,60489.38,1.0,0.69
Bulk Carrier,7.0,16.2,9.88,12,60270.33,0.99,0.69
Bulk Carrier,7.04,24.37,4.22,12,68914.42,0.99,0.7
Bulk Carrier,7.08,23.03,4.46,12,63378.5,0.99,0.7
Bulk Carrier,7.1,20.76,7.06,12,52029.17,0.99,0.7
Bulk Carrier,7.17,21.81,10.1,8,70871.5,0.94,0.68
Bulk Carrier,7.2,16.49,7.42,7,39753.0,0.98,0.7
Bulk Carrier,7.21,20.74,5.1,7,56075.29,0.98,0.71
Bulk Carrier,7.25,18.66,8.26,9,58549.33,0.97,0.7
Bulk Carrier,7.29,19.39,8.77,14,68076.42,1.0,0.73
Bulk Carrier,7.3,19.41,9.18,16,60999.91,0.96,0.7
Bulk Carrier,7.33,18.76,10.18,10,74423.2,0.98,0.72
Bulk Carrier,7.38,22.59,5.99,8,65358.5,1.0,0.74
Bulk Carrier,7.4,20.65,6.47,8,55853.38,1.0,0.74
Bulk Carrier,7.46,20.51,5.79,9,55478.0,1.0,0.75
Bulk Carrier,7.5,20.64,7.49,33,60525.67,0.98,0.74
Bulk Carrier,7.54,19.7,11.29,11,68095.09,0.99,0.74
Bulk Carrier,7.58,21.13,7.22,13,62499.62,0.98,0.74
Bulk Carrier,7.6,17.71,10.09,11,50162.27,0.99,0.75
Bulk Carrier,7.63,22.23,6.29,9,65574.56,1.0,0.76
Bulk Carrier,7.67,22.08,9.96,8,75413.0,0.98,0.75
Bulk Carrier,7.7,19.74,8.76,17,50745.86,0.99,0.76
Bulk Carrier,7.71,22.61,10.2,16,75639.75,0.96,0.74
Bulk Carrier,7.75,20.21,8.82,15,77618.13,0.98,0.76
Bulk Carrier,7.79,24.26,2.86,12,68589.0,1.0,0.78
Bulk Carrier,7.8,22.46,10.13,23,75155.39,0.97,0.76
Bulk Carrier,7.83,17.02,10.1,13,57002.35,0.99,0.77
Bulk Carrier,7.88,15.86,10.07,12,65327.91,0.99,0.78
Bulk Carrier,7.9,18.57,11.62,11,57886.55,0.99,0.78
Bulk Carrier,7.92,21.31,8.43,23,71780.22,1.0,0.79
Bulk Carrier,7.96,17.96,10.7,20,75035.45,0.97,0.77
Bulk Carrier,8.0,21.62,8.58,42,64723.62,0.99,0.79
Bulk Carrier,8.04,22.56,6.61,19,65256.29,0.98,0.78
Bulk Carrier,8.08,22.18,9.08,21,76357.52,0.98,0.79
Bulk Carrier,8.1,19.32,8.26,22,60049.45,1.0,0.81
Bulk Carrier,8.12,24.36,4.14,6,87818.5,0.98,0.79
Bulk Carrier,8.13,23.74,4.98,27,76491.93,0.99,0.8
Bulk Carrier,8.17,18.62,10.25,17,72642.47,0.97,0.8
Bulk Carrier,8.2,21.8,8.89,17,65767.82,0.99,0.81
Bulk Carrier,8.21,22.59,3.94,21,62889.19,1.0,0.82
Bulk Carrier,8.24,15.79,10.3,5,53771.8,0.97,0.8
Bulk Carrier,8.25,21.82,7.54,23,65027.04,0.99,0.82
Bulk Carrier,8.29,21.91,10.4,23,76988.29,0.99,0.82
Bulk Carrier,8.3,20.97,9.35,35,61092.97,0.98,0.82
Bulk Carrier,8.33,24.78,6.26,32,83626.59,1.0,0.83
Bulk Carrier,8.38,21.7,7.09,29,72029.86,0.97,0.82
Bulk Carrier,8.4,22.8,11.51,22,70293.45,0.99,0.83
Bulk Carrier,8.42,20.06,9.4,33,70328.32,0.99,0.83
Bulk Carrier,8.45,14.86,13.61,5,80176.4,0.97,0.82
Bulk Carrier,8.46,19.8,8.02,41,66860.07,0.99,0.83
Bulk Carrier,8.5,20.64,8.38,74,64874.82,0.98,0.84
Bulk Carrier,8.54,20.78,8.29,37,65453.8,0.97,0.83
Bulk Carrier,8.58,18.72,9.17,43,65130.86,0.99,0.85
Bulk Carrier,8.6,19.61,9.16,38,65853.03,0.98,0.84
Bulk Carrier,8.63,20.23,9.23,44,72462.34,1.0,0.86
Bulk Carrier,8.67,22.83,5.29,29,71750.76,0.98,0.85
Bulk Carrier,8.7,21.12,9.87,30,66160.8,0.98,0.86
Bulk Carrier,8.71,22.4,5.27,29,70557.38,0.98,0.86
Bulk Carrier,8.75,22.82,8.92,49,77416.5,0.99,0.86
Bulk Carrier,8.79,22.53,9.16,37,77007.05,0.98,0.86
Bulk Carrier,8.8,19.57,8.88,54,60148.72,0.98,0.87
Bulk Carrier,8.83,37.02,111.62,59,67365.97,0.99,0.87
Bulk Carrier,8.84,19.97,11.18,5,75911.8,0.97,0.86
Bulk Carrier,8.88,22.35,9.18,56,76126.57,0.99,0.88
Bulk Carrier,8.9,22.18,9.63,31,71125.81,0.98,0.87
Bulk Carrier,8.92,23.6,4.8,40,67577.68,0.98,0.88
Bulk Carrier,8.96,22.24,8.77,60,71653.11,0.99,0.89
Bulk Carrier,9.0,21.5,7.91,116,66889.57,0.98,0.89
Bulk Carrier,9.02,20.02,11.26,5,78868.0,1.0,0.9
Bulk Carrier,9.04,21.74,5.96,60,68785.47,0.99,0.89
Bulk Carrier,9.08,21.43,8.44,76,71118.11,0.99,0.9
Bulk Carrier,9.1,19.14,9.66,46,63754.76,0.97,0.89
Bulk Carrier,9.12,19.94,9.32,13,68949.62,0.99,0.9
Bulk Carrier,9.13,23.06,6.6,80,71790.34,0.98,0.9
Bulk Carrier,9.15,26.42,2.15,5,74689.0,1.0,0.92
Bulk Carrier,9.16,25.06,2.08,6,76952.17,0.95,0.87
Bulk Carrier,9.17,23.36,6.78,82,72604.61,0.99,0.91
Bulk Carrier,9.2,21.64,7.24,62,64759.18,0.98,0.9
Bulk Carrier,9.21,21.54,8.02,77,69490.08,0.99,0.92
Bulk Carrier,9.25,22.17,7.54,78,70279.13,0.98,0.91
Bulk Carrier,9.27,28.35,5.28,5,71552.8,0.97,0.9
Bulk Carrier,9.28,20.64,10.4,6,69918.83,0.95,0.88
Bulk Carrier,9.29,22.0,9.66,62,77296.37,0.99,0.92
Bulk Carrier,9.3,22.02,8.91,56,70390.89,0.98,0.91
Bulk Carrier,9.32,24.27,2.94,11,72617.26,1.0,0.93
Bulk Carrier,9.33,21.22,8.99,74,72511.38,1.0,0.93
Bulk Carrier,9.36,25.95,2.2,8,70379.12,1.0,0.94
Bulk Carrier,9.37,25.34,2.99,7,67002.57,1.0,0.94
Bulk Carrier,9.38,22.86,8.17,83,74984.56,0.99,0.92
Bulk Carrier,9.4,20.19,9.72,71,63643.22,0.98,0.92
Bulk Carrier,9.42,22.49,7.6,101,72359.45,0.99,0.93
Bulk Carrier,9.44,21.67,8.56,11,66248.27,0.97,0.92
Bulk Carrier,9.46,21.18,8.61,85,71500.18,0.99,0.94
Bulk Carrier,9.48,20.69,10.41,6,65446.0,0.92,0.88
Bulk Carrier,9.5,22.0,9.38,174,73755.28,0.98,0.93
Bulk Carrier,9.52,25.95,5.51,16,80817.75,0.95,0.91
Bulk Carrier,9.53,19.34,10.88,5,73743.2,1.0,0.95
Bulk Carrier,9.54,22.03,7.83,97,73698.82,0.99,0.95
Bulk Carrier,9.55,18.71,10.58,5,72614.8,0.97,0.93
Bulk Carrier,9.56,23.43,3.6,15,65959.53,0.97,0.93
Bulk Carrier,9.58,22.09,6.67,108,67845.84,0.98,0.94
Bulk Carrier,9.6,21.45,8.29,74,68458.62,0.98,0.94
Bulk Carrier,9.62,23.3,1.43,7,74394.29,0.98,0.94
Bulk Carrier,9.63,22.27,6.85,90,70432.14,0.98,0.94
Bulk Carrier,9.64,20.44,9.44,7,71329.0,0.98,0.94
Bulk Carrier,9.66,21.44,9.21,8,67222.88,1.0,0.97
Bulk Carrier,9.67,22.02,6.27,96,67581.34,0.99,0.95
Bulk Carrier,9.68,18.96,10.42,10,65841.9,0.97,0.94
Bulk Carrier,9.7,22.61,8.15,67,74010.46,0.99,0.96
Bulk Carrier,9.71,23.33,6.44,111,72759.77,0.98,0.95
Bulk Carrier,9.72,22.9,8.57,12,72932.83,0.92,0.9
Bulk Carrier,9.74,25.11,2.82,5,74068.2,0.97,0.94
Bulk Carrier,9.75,22.34,7.23,124,70325.13,0.98,0.96
Bulk Carrier,9.76,24.34,11.07,9,81707.78,0.98,0.96
Bulk Carrier,9.77,20.24,11.52,5,78821.2,0.91,0.89
Bulk Carrier,9.78,16.01,11.37,7,62795.86,0.96,0.94
Bulk Carrier,9.79,21.71,7.92,96,69947.92,0.99,0.97
Bulk Carrier,9.8,23.76,6.92,118,72096.07,0.98,0.96
Bulk Carrier,9.81,24.98,2.03,6,74252.33,0.98,0.96
Bulk Carrier,9.82,19.82,11.25,5,74108.8,0.94,0.92
Bulk Carrier,9.83,22.86,5.47,121,69537.9,0.98,0.96
Bulk Carrier,9.84,25.63,4.45,9,71743.22,0.97,0.95
Bulk Carrier,9.85,21.88,9.37,8,73798.62,0.94,0.93
Bulk Carrier,9.86,23.59,3.72,5,63197.6,1.0,0.99
Bulk Carrier,9.87,21.96,7.56,11,72082.45,0.99,0.97
Bulk Carrier,9.88,22.83,8.04,108,72075.6,0.99,0.98
Bulk Carrier,9.9,22.86,10.47,69,78456.52,0.97,0.96
Bulk Carrier,9.91,21.26,4.28,5,57057.0,0.97,0.96
Bulk Carrier,9.92,22.65,7.07,140,73486.63,0.98,0.97
Bulk Carrier,9.95,24.75,2.54,5,63459.4,1.0,0.99
Bulk Carrier,9.96,23.11,6.04,119,71279.68,0.98,0.98
Bulk Carrier,9.99,19.3,10.86,5,76785.2,1.0,1.0
Bulk Carrier,10.0,23.35,7.21,288,72843.61,0.98,0.98
Bulk Carrier,10.01,13.07,11.74,6,68081.5,0.95,0.95
Bulk Carrier,10.02,22.09,8.53,9,72517.22,0.98,0.99
Bulk Carrier,10.03,20.36,11.46,5,82335.6,0.94,0.94
Bulk Carrier,10.04,22.49,5.4,164,68439.29,0.98,0.98
Bulk Carrier,10.05,22.64,9.25,8,73347.75,0.98,0.99
Bulk Carrier,10.06,19.37,11.14,9,71425.67,0.98,0.99
Bulk Carrier,10.07,21.26,9.09,8,66252.88,0.98,0.99
Bulk Carrier,10.08,22.34,6.88,142,70960.18,0.97,0.98
Bulk Carrier,10.1,23.04,7.85,103,70633.21,0.99,1.0
Bulk Carrier,10.11,24.98,2.13,5,72743.0,0.94,0.95
Bulk Carrier,10.12,24.95,4.33,29,73843.79,0.98,1.0
Bulk Carrier,10.13,23.39,5.41,125,67937.31,0.98,1.0
Bulk Carrier,10.15,23.76,3.54,6,73000.33,0.98,0.99
Bulk Carrier,10.16,21.35,6.12,19,66359.95,0.98,0.99
Bulk Carrier,10.17,23.39,7.12,141,73766.13,0.99,1.01
Bulk Carrier,10.18,17.03,10.78,5,74498.2,0.91,0.93
Bulk Carrier,10.19,21.68,8.75,9,74507.33,0.97,0.99
Bulk Carrier,10.2,23.44,6.89,93,70056.47,0.98,1.0
Bulk Carrier,10.21,22.08,7.83,158,72065.41,0.98,1.0
Bulk Carrier,10.22,23.34,2.68,5,67324.0,0.97,0.99
Bulk Carrier,10.23,20.25,10.05,6,70414.33,1.0,1.02
Bulk Carrier,10.24,24.07,9.16,14,80102.21,0.95,0.97
Bulk Carrier,10.25,21.89,8.32,176,73337.7,0.98,1.01
Bulk Carrier,10.26,17.04,10.42,7,58197.57,0.98,1.0
Bulk Carrier,10.28,20.8,7.92,19,66000.63,0.98,1.01
Bulk Carrier,10.29,23.38,5.34,144,70329.56,0.99,1.02
Bulk Carrier,10.3,22.93,7.19,128,70919.1,0.98,1.01
Bulk Carrier,10.31,24.93,2.65,6,72173.17,0.98,1.01
Bulk Carrier,10.32,23.82,8.26,18,73660.67,0.98,1.01
Bulk Carrier,10.33,22.82,5.94,187,69558.48,0.98,1.01
Bulk Carrier,10.34,23.25,3.33,5,62263.2,0.97,1.0
Bulk Carrier,10.35,20.43,9.49,7,67078.86,0.98,1.01
Bulk Carrier,10.36,22.82,9.38,13,77473.23,0.97,1.0
Bulk Carrier,10.37,20.03,9.47,24,72921.88,0.96,0.99
Bulk Carrier,10.38,22.6,7.96,155,74385.01,0.99,1.03
Bulk Carrier,10.4,21.79,8.27,136,70829.57,0.97,1.01
Bulk Carrier,10.42,22.64,6.61,181,71434.92,0.98,1.02
Bulk Carrier,10.43,17.61,11.16,8,74225.75,0.94,0.98
Bulk Carrier,10.44,23.82,3.46,26,63711.65,0.98,1.03
Bulk Carrier,10.45,20.12,8.03,17,67947.24,0.95,0.99
Bulk Carrier,10.46,23.24,6.89,165,74686.77,0.97,1.02
Bulk Carrier,10.48,23.51,8.09,30,75987.13,0.98,1.02
Bulk Carrier,10.5,23.04,6.72,350,71138.55,0.98,1.02
Bulk Carrier,10.51,17.85,11.1,8,78188.38,0.94,0.99
Bulk Carrier,10.52,22.57,6.99,19,65567.66,0.98,1.03
Bulk Carrier,10.53,23.05,3.99,9,67341.11,0.98,1.04
Bulk Carrier,10.54,23.64,6.13,184,70843.7,0.98,1.03
Bulk Carrier,10.55,19.96,9.47,7,71959.14,0.98,1.03
Bulk Carrier,10.56,19.97,8.07,20,61707.4,0.98,1.04
Bulk Carrier,10.58,23.8,5.46,225,72434.86,0.98,1.03
Bulk Carrier,10.6,22.53,7.53,125,72046.52,0.97,1.03
Bulk Carrier,10.61,17.44,10.08,5,56379.6,0.97,1.03
Bulk Carrier,10.62,22.04,2.43,11,64794.09,0.99,1.05
Bulk Carrier,10.63,22.75,6.67,226,71364.64,0.98,1.04
Bulk Carrier,10.64,20.74,10.19,20,71808.4,0.97,1.03
Bulk Carrier,10.65,25.98,4.65,7,68772.86,0.94,1.0
Bulk Carrier,10.66,24.69,1.68,9,72646.44,1.0,1.07
Bulk Carrier,10.67,23.52,6.98,190,72861.41,0.98,1.04
Bulk Carrier,10.68,19.69,10.46,21,71082.05,0.95,1.01
Bulk Carrier,10.69,20.8,9.5,7,69847.29,0.96,1.02
Bulk Carrier,10.7,23.14,5.48,122,68264.7,0.98,1.05
Bulk Carrier,10.71,22.37,5.89,152,69329.35,0.97,1.04
Bulk Carrier,10.72,22.78,7.22,27,67049.56,0.98,1.05
Bulk Carrier,10.73,22.3,9.1,8,81590.88,0.94,1.01
Bulk Carrier,10.74,14.29,13.39,7,78455.14,0.94,1.0
Bulk Carrier,10.75,22.06,6.96,257,68611.6,0.97,1.05
Bulk Carrier,10.76,24.55,9.21,19,79804.74,0.94,1.02
Bulk Carrier,10.77,24.36,3.95,9,72456.78,0.93,1.01
Bulk Carrier,10.79,23.67,7.09,175,76231.37,0.98,1.05
Bulk Carrier,10.8,22.39,6.4,174,65289.23,0.98,1.06
Bulk Carrier,10.81,17.82,12.37,10,77480.5,0.92,1.0
Bulk Carrier,10.82,19.7,9.68,12,72513.83,0.95,1.03
Bulk Carrier,10.83,23.53,5.05,240,70610.71,0.97,1.05
Bulk Carrier,10.84,24.32,3.5,19,62662.42,0.98,1.07
Bulk Carrier,10.85,23.9,1.55,10,70089.2,0.96,1.04
Bulk Carrier,10.87,23.7,1.56,19,67224.68,0.98,1.06
Bulk Carrier,10.88,23.22,5.73,209,68355.25,0.98,1.06
Bulk Carrier,10.89,17.51,12.08,7,78289.43,0.96,1.04
Bulk Carrier,10.9,22.23,7.83,142,70466.9,0.97,1.06
Bulk Carrier,10.91,23.19,2.22,7,71437.86,0.91,1.0
Bulk Carrier,10.92,22.26,6.85,231,68029.72,0.97,1.06
Bulk Carrier,10.93,17.19,10.95,8,63946.62,0.94,1.03
Bulk Carrier,10.95,22.98,4.19,13,55183.08,0.99,1.08
Bulk Carrier,10.96,21.99,6.89,217,66903.54,0.97,1.06
Bulk Carrier,10.97,17.05,11.26,11,74506.64,0.93,1.02
Bulk Carrier,10.98,23.92,2.83,11,71053.55,0.97,1.07
Bulk Carrier,11.0,23.6,6.5,550,71154.69,0.98,1.07
Bulk Carrier,11.01,20.21,10.68,10,80268.2,0.96,1.05
Bulk Carrier,11.02,22.7,10.81,14,87343.86,0.96,1.05
Bulk Carrier,11.03,21.49,5.52,7,82025.43,0.96,1.06
Bulk Carrier,11.04,23.36,5.69,265,70331.06,0.98,1.08
Bulk Carrier,11.05,21.21,8.98,15,68235.07,0.96,1.06
Bulk Carrier,11.06,24.99,1.93,11,68434.36,1.0,1.11
Bulk Carrier,11.08,23.68,5.96,263,72306.15,0.97,1.07
Bulk Carrier,11.1,23.11,6.78,136,69829.42,0.96,1.07
Bulk Carrier,11.11,24.94,0.81,6,80978.0,0.92,1.03
Bulk Carrier,11.12,44.42,130.08,40,69724.1,0.96,1.07
Bulk Carrier,11.13,23.16,5.9,227,68391.92,0.97,1.08
Bulk Carrier,11.14,20.36,8.13,10,65915.9,1.0,1.11
Bulk Carrier,11.15,22.3,7.79,11,72875.91,0.96,1.07
Bulk Carrier,11.16,23.39,7.23,43,76206.4,0.95,1.06
Bulk Carrier,11.17,23.67,6.09,216,70406.05,0.98,1.09
Bulk Carrier,11.18,21.74,3.67,8,60933.62,0.94,1.06
Bulk Carrier,11.2,22.97,6.34,178,67140.58,0.97,1.09
Bulk Carrier,11.21,23.17,6.83,212,70874.83,0.97,1.09
Bulk Carrier,11.23,22.02,8.72,9,72421.33,0.97,1.09
Bulk Carrier,11.24,21.92,9.62,31,67506.1,0.97,1.09
Bulk Carrier,11.25,22.71,5.7,242,68512.52,0.96,1.09
Bulk Carrier,11.26,21.21,8.89,8,76599.38,0.94,1.06
Bulk Carrier,11.27,23.77,5.57,7,57827.57,1.0,1.13
Bulk Carrier,11.28,20.08,11.72,23,75733.04,0.96,1.08
Bulk Carrier,11.29,23.45,5.11,236,67734.75,0.97,1.1
Bulk Carrier,11.3,21.58,6.48,172,61587.98,0.96,1.09
Bulk Carrier,11.31,18.23,11.35,8,75970.38,0.89,1.0
Bulk Carrier,11.32,21.47,8.55,40,73128.6,0.98,1.11
Bulk Carrier,11.33,23.34,6.26,249,69847.22,0.97,1.09
Bulk Carrier,11.34,20.54,8.1,9,76473.56,0.93,1.06
Bulk Carrier,11.35,23.96,2.4,8,67201.25,0.94,1.07
Bulk Carrier,11.36,24.6,2.53,25,70897.64,0.96,1.09
Bulk Carrier,11.37,22.61,3.89,17,69453.41,0.94,1.07
Bulk Carrier,11.38,23.48,5.82,212,70459.49,0.97,1.11
Bulk Carrier,11.39,21.85,4.54,7,62865.43,0.98,1.11
Bulk Carrier,11.4,22.32,6.5,151,65519.57,0.95,1.09
Bulk Carrier,11.41,21.31,8.44,9,69272.44,0.95,1.08
Bulk Carrier,11.42,23.46,6.02,218,69926.44,0.96,1.1
Bulk Carrier,11.43,17.91,11.59,18,77353.17,0.96,1.1
Bulk Carrier,11.44,22.46,5.13,36,65481.25,0.97,1.11
Bulk Carrier,11.45,21.61,7.76,20,65788.5,0.95,1.08
Bulk Carrier,11.46,22.85,5.51,227,67626.3,0.96,1.1
Bulk Carrier,11.47,21.76,7.83,11,71114.91,0.96,1.1
Bulk Carrier,11.48,21.3,9.21,31,73847.06,0.95,1.09
Bulk Carrier,11.49,23.92,2.32,5,67146.0,0.97,1.11
Bulk Carrier,11.5,23.04,4.44,518,66698.85,0.96,1.11
Bulk Carrier,11.51,22.27,7.59,12,70905.5,0.96,1.11
Bulk Carrier,11.52,22.62,5.41,59,65037.24,0.96,1.11
Bulk Carrier,11.53,18.39,9.58,11,68888.64,0.93,1.07
Bulk Carrier,11.54,23.11,4.22,242,65985.3,0.96,1.11
Bulk Carrier,11.55,24.44,2.29,11,63073.45,0.97,1.12
Bulk Carrier,11.56,22.24,5.16,27,63727.44,0.95,1.1
Bulk Carrier,11.57,18.49,11.73,8,73632.38,0.94,1.09
Bulk Carrier,11.58,22.95,5.26,256,67606.46,0.96,1.11
Bulk Carrier,11.59,18.8,11.04,5,65373.2,0.97,1.12
Bulk Carrier,11.6,22.03,6.82,157,64487.52,0.96,1.11
Bulk Carrier,11.62,21.58,4.84,12,58911.0,0.98,1.13
Bulk Carrier,11.63,22.58,6.44,280,68719.93,0.96,1.11
Bulk Carrier,11.64,22.49,6.18,23,69280.0,0.97,1.13
Bulk Carrier,11.65,23.69,2.73,9,61631.67,0.95,1.11
Bulk Carrier,11.66,23.33,4.06,12,59775.5,1.0,1.17
Bulk Carrier,11.67,22.75,5.34,260,68079.99,0.95,1.11
Bulk Carrier,11.68,21.56,7.03,25,67868.32,0.95,1.11
Bulk Carrier,11.69,25.11,1.14,8,67493.62,0.92,1.08
Bulk Carrier,11.7,23.2,5.45,149,64856.77,0.96,1.13
Bulk Carrier,11.71,23.22,4.95,207,67753.51,0.96,1.12
Bulk Carrier,11.72,23.36,6.86,39,71868.46,0.96,1.13
Bulk Carrier,11.73,24.68,0.96,15,65119.33,0.95,1.11
Bulk Carrier,11.74,18.57,8.94,7,57354.14,0.98,1.15
Bulk Carrier,11.75,22.79,6.13,239,65530.08,0.95,1.12
Bulk Carrier,11.76,23.14,5.97,33,69057.3,0.95,1.11
Bulk Carrier,11.77,24.67,1.19,11,61502.64,1.0,1.18
Bulk Carrier,11.78,24.23,1.4,5,66977.4,0.91,1.07
Bulk Carrier,11.79,23.3,5.6,194,67002.67,0.95,1.12
Bulk Carrier,11.8,22.47,5.6,212,65499.84,0.95,1.12
Bulk Carrier,11.81,17.3,10.25,9,54933.67,0.95,1.12
Bulk Carrier,11.82,23.41,2.64,8,67715.0,0.94,1.12
Bulk Carrier,11.83,23.32,5.52,240,69308.46,0.94,1.12
Bulk Carrier,11.84,24.37,6.28,33,65872.0,0.96,1.14
Bulk Carrier,11.85,16.93,11.01,14,73543.5,0.95,1.12
Bulk Carrier,11.87,21.91,3.32,12,61911.25,0.94,1.11
Bulk Carrier,11.88,22.0,6.22,223,67342.65,0.94,1.12
Bulk Carrier,11.9,22.54,5.94,123,65948.07,0.94,1.12
Bulk Carrier,11.91,23.96,2.41,7,65979.29,0.98,1.17
Bulk Carrier,11.92,22.91,6.56,222,69147.5,0.95,1.13
Bulk Carrier,11.93,23.31,1.31,5,70600.6,0.91,1.09
Bulk Carrier,11.94,24.32,1.97,11,70726.73,0.92,1.1
Bulk Carrier,11.95,19.87,10.01,11,67465.27,0.96,1.15
Bulk Carrier,11.96,22.8,5.73,193,67515.97,0.94,1.13
Bulk Carrier,11.98,23.5,5.14,12,67115.25,0.94,1.12
Bulk Carrier,12.0,22.86,5.73,505,66755.08,0.93,1.12
Bulk Carrier,12.01,22.75,8.1,10,69450.4,0.97,1.16
Bulk Carrier,12.02,20.42,9.31,7,71627.14,0.91,1.1
Bulk Carrier,12.03,25.1,1.52,5,80498.4,0.94,1.13
Bulk Carrier,12.04,23.13,4.73,222,67244.27,0.94,1.13
Bulk Carrier,12.05,25.43,1.52,12,68653.33,0.94,1.13
Bulk Carrier,12.06,16.07,12.87,6,77907.67,0.88,1.06
Bulk Carrier,12.07,24.23,0.97,5,77911.2,0.88,1.06
Bulk Carrier,12.08,23.36,5.67,223,69486.07,0.93,1.12
Bulk Carrier,12.1,23.0,4.56,147,64544.19,0.94,1.14
Bulk Carrier,12.12,23.04,6.02,39,64630.31,0.94,1.14
Bulk Carrier,12.13,23.17,4.5,199,65162.52,0.94,1.14
Bulk Carrier,12.15,20.74,8.43,9,63479.56,0.98,1.19
Bulk Carrier,12.16,22.4,4.8,31,66023.67,0.92,1.12
Bulk Carrier,12.17,23.48,5.14,154,68590.16,0.93,1.14
Bulk Carrier,12.18,23.64,2.36,11,71935.64,0.9,1.1
Bulk Carrier,12.2,22.85,6.05,152,67220.49,0.93,1.14
Bulk Carrier,12.21,22.59,4.72,151,68596.09,0.93,1.14
Bulk Carrier,12.23,24.62,6.85,6,64955.33,0.88,1.07
Bulk Carrier,12.24,25.43,3.63,26,70677.35,0.95,1.16
Bulk Carrier,12.25,23.21,4.78,182,65523.47,0.92,1.13
Bulk Carrier,12.27,21.12,4.45,5,52740.0,0.88,1.08
Bulk Carrier,12.28,23.14,6.28,20,62797.78,0.95,1.16
Bulk Carrier,12.29,22.83,5.48,170,66717.58,0.93,1.14
Bulk Carrier,12.3,22.92,5.74,146,66489.19,0.93,1.14
Bulk Carrier,12.31,23.47,2.6,6,72375.5,0.9,1.11
Bulk Carrier,12.32,23.36,7.32,24,67584.04,0.94,1.16
Bulk Carrier,12.33,23.72,4.69,164,67856.82,0.93,1.15
Bulk Carrier,12.35,23.42,2.88,5,69088.0,0.94,1.16
Bulk Carrier,12.36,25.26,5.9,23,71424.74,0.93,1.15
Bulk Carrier,12.37,22.82,3.73,14,63328.79,0.95,1.17
Bulk Carrier,12.38,23.22,5.26,169,69552.04,0.92,1.14
Bulk Carrier,12.39,23.89,2.9,7,63535.0,0.94,1.16
Bulk Carrier,12.4,24.05,4.57,104,69315.3,0.93,1.15
Bulk Carrier,12.41,22.3,3.36,6,58902.17,0.95,1.18
Bulk Carrier,12.42,22.51,5.12,145,64086.54,0.92,1.15
Bulk Carrier,12.44,22.06,7.49,23,66511.09,0.95,1.18
Bulk Carrier,12.45,19.69,7.27,13,55656.15,0.9,1.12
Bulk Carrier,12.46,23.73,4.64,137,68314.68,0.93,1.15
Bulk Carrier,12.47,19.34,10.91,5,67546.8,0.88,1.1
Bulk Carrier,12.48,21.26,6.57,20,55597.41,0.95,1.18
Bulk Carrier,12.5,23.72,4.42,296,68106.31,0.91,1.14
Bulk Carrier,12.52,25.37,5.64,20,73921.2,0.91,1.14
Bulk Carrier,12.54,23.52,4.47,180,66341.77,0.92,1.15
Bulk Carrier,12.55,22.96,1.61,5,69549.8,0.88,1.1
Bulk Carrier,12.56,22.88,8.05,25,75295.92,0.91,1.14
Bulk Carrier,12.57,24.92,2.42,9,71734.0,0.9,1.13
Bulk Carrier,12.58,22.99,6.1,145,69166.85,0.92,1.15
Bulk Carrier,12.59,22.67,1.25,10,71056.0,0.86,1.09
Bulk Carrier,12.6,22.79,5.69,110,68502.17,0.91,1.15
Bulk Carrier,12.61,24.6,2.07,6,72545.5,0.98,1.23
Bulk Carrier,12.62,20.8,8.75,8,68275.25,0.92,1.17
Bulk Carrier,12.63,23.09,5.06,136,67191.23,0.91,1.14
Bulk Carrier,12.64,24.79,3.33,23,66917.39,0.95,1.21
Bulk Carrier,12.65,20.1,8.97,7,68667.86,0.87,1.1
Bulk Carrier,12.66,22.41,2.03,10,66116.9,0.88,1.11
Bulk Carrier,12.67,23.28,5.31,125,66553.26,0.92,1.16
Bulk Carrier,12.68,22.23,8.02,11,69956.09,0.95,1.2
Bulk Carrier,12.69,18.83,10.66,5,69373.0,0.88,1.12
Bulk Carrier,12.7,24.65,3.43,85,68610.62,0.92,1.17
Bulk Carrier,12.71,23.21,5.03,126,69711.75,0.91,1.16
Bulk Carrier,12.72,24.43,1.9,13,63883.85,0.93,1.18
Bulk Carrier,12.73,25.12,0.84,5,63091.8,0.94,1.2
Bulk Carrier,12.74,23.98,1.15,5,74674.8,0.85,1.08
Bulk Carrier,12.75,23.99,4.95,122,72610.46,0.89,1.14
Bulk Carrier,12.76,21.74,3.08,9,50711.22,0.95,1.21
Bulk Carrier,12.79,24.29,5.37,122,71282.96,0.9,1.15
Bulk Carrier,12.8,24.82,4.85,109,71963.85,0.92,1.18
Bulk Carrier,12.83,24.12,4.6,114,68945.3,0.91,1.16
Bulk Carrier,12.84,26.56,6.9,23,87792.39,0.93,1.19
Bulk Carrier,12.85,23.47,2.43,10,60502.9,0.88,1.13
Bulk Carrier,12.86,19.46,11.62,5,65176.6,0.85,1.09
Bulk Carrier,12.87,23.43,1.68,12,62872.58,0.88,1.13
Bulk Carrier,12.88,23.7,6.25,127,70919.33,0.91,1.17
Bulk Carrier,12.9,22.69,5.42,77,67199.22,0.89,1.15
Bulk Carrier,12.92,23.56,4.65,119,67458.78,0.91,1.17
Bulk Carrier,12.96,23.86,5.68,123,71978.79,0.9,1.17
Bulk Carrier,13.0,23.98,5.03,201,70694.32,0.91,1.18
Bulk Carrier,13.01,24.26,0.81,5,74955.2,0.88,1.14
Bulk Carrier,13.02,26.15,2.43,7,67609.57,0.87,1.13
Bulk Carrier,13.04,24.42,4.16,88,71668.96,0.89,1.16
Bulk Carrier,13.08,23.04,7.54,96,73224.19,0.89,1.16
Bulk Carrier,13.1,25.02,4.94,34,70097.41,0.92,1.21
Bulk Carrier,13.12,25.67,3.88,25,73317.48,0.93,1.22
Bulk Carrier,13.13,23.77,3.31,66,65277.89,0.9,1.18
Bulk Carrier,13.16,23.12,5.99,20,64353.5,0.9,1.19
Bulk Carrier,13.17,24.32,5.99,73,70481.73,0.9,1.18
Bulk Carrier,13.2,24.36,4.03,65,59804.66,0.91,1.2
Bulk Carrier,13.21,24.14,3.24,58,66234.24,0.89,1.17
Bulk Carrier,13.24,26.66,11.59,11,85977.45,0.88,1.16
Bulk Carrier,13.25,23.45,5.46,84,66506.58,0.89,1.18
Bulk Carrier,13.28,27.29,7.62,13,87355.54,0.88,1.17
Bulk Carrier,13.29,23.83,3.79,61,66678.25,0.88,1.17
Bulk Carrier,13.3,23.71,5.02,66,64461.12,0.92,1.22
Bulk Carrier,13.32,26.34,4.99,8,59256.25,0.94,1.26
Bulk Carrier,13.33,23.84,4.29,63,66531.57,0.9,1.2
Bulk Carrier,13.36,26.05,5.06,6,48796.33,0.95,1.27
Bulk Carrier,13.37,23.12,3.06,8,66369.0,0.87,1.16
Bulk Carrier,13.38,24.06,2.54,51,63474.8,0.91,1.22
Bulk Carrier,13.4,25.5,5.44,55,72171.91,0.91,1.22
Bulk Carrier,13.42,24.73,3.8,61,69237.25,0.9,1.21
Bulk Carrier,13.44,28.42,6.34,13,73605.38,0.94,1.27
Bulk Carrier,13.45,22.3,10.76,7,56710.86,0.87,1.17
Bulk Carrier,13.46,24.75,4.18,49,66849.14,0.92,1.24
Bulk Carrier,13.48,26.05,3.05,15,63997.0,0.93,1.25
Bulk Carrier,13.5,24.28,2.62,122,64041.03,0.91,1.22
Bulk Carrier,13.52,21.38,8.13,9,66483.97,0.88,1.19
Bulk Carrier,13.54,24.72,3.01,43,64746.95,0.9,1.21
Bulk Carrier,13.58,24.96,2.31,51,63889.39,0.91,1.24
Bulk Carrier,13.6,25.11,2.71,34,65567.44,0.92,1.25
Bulk Carrier,13.62,25.94,1.75,5,75670.2,0.85,1.16
Bulk Carrier,13.63,24.98,4.75,42,69651.74,0.9,1.22
Bulk Carrier,13.64,25.38,4.29,6,58247.0,0.92,1.26
Bulk Carrier,13.67,25.22,4.25,47,71582.19,0.89,1.22
Bulk Carrier,13.68,27.26,2.03,8,63319.5,0.96,1.32
Bulk Carrier,13.7,26.32,2.7,26,63051.58,0.93,1.28
Bulk Carrier,13.71,25.91,3.68,34,66672.32,0.9,1.24
Bulk Carrier,13.72,29.65,7.27,9,84005.33,0.87,1.19
Bulk Carrier,13.75,25.23,3.19,36,67881.83,0.89,1.22
Bulk Carrier,13.76,25.05,8.39,12,58620.17,0.96,1.32
Bulk Carrier,13.79,25.41,5.11,29,60959.28,0.92,1.26
Bulk Carrier,13.8,24.89,6.01,58,69704.22,0.9,1.24
Bulk Carrier,13.83,26.03,3.74,24,64960.33,0.92,1.28
Bulk Carrier,13.84,25.52,4.05,8,61183.46,0.94,1.31
Bulk Carrier,13.88,25.8,3.44,29,70278.0,0.9,1.24
Bulk Carrier,13.9,26.17,6.15,31,69742.45,0.93,1.29
Bulk Carrier,13.92,24.34,3.62,27,59289.52,0.9,1.25
Bulk Carrier,13.96,25.88,5.41,30,70077.53,0.94,1.31
Bulk Carrier,14.0,27.06,5.12,73,70049.36,0.9,1.26
Bulk Carrier,14.04,26.29,4.06,36,60938.92,0.9,1.26
Bulk Carrier,14.08,60.3,159.97,24,67865.33,0.89,1.26
Bulk Carrier,14.1,25.16,2.73,24,59798.29,0.93,1.31
Bulk Carrier,14.13,26.74,3.51,20,64543.55,0.91,1.29
Bulk Carrier,14.17,25.22,2.1,18,62674.94,0.91,1.29
Bulk Carrier,14.2,26.07,3.3,28,61810.81,0.91,1.29
Bulk Carrier,14.21,26.13,4.12,19,69851.0,0.89,1.26
Bulk Carrier,14.25,25.83,2.63,17,66918.76,0.9,1.29
Bulk Carrier,14.29,24.75,1.42,10,57078.6,0.91,1.3
Bulk Carrier,14.3,26.73,5.03,28,65134.54,0.92,1.32
Bulk Carrier,14.33,25.45,2.89,9,62402.22,0.9,1.29
Bulk Carrier,14.38,24.85,2.22,13,63102.54,0.91,1.31
Bulk Carrier,14.4,29.66,7.26,20,79389.7,0.95,1.36
Bulk Carrier,14.42,26.81,3.05,9,61275.22,0.9,1.3
Bulk Carrier,14.46,27.45,2.79,9,58666.33,0.92,1.33
Bulk Carrier,14.5,28.59,8.09,27,81373.63,0.91,1.31
Bulk Carrier,14.54,27.58,4.98,7,61420.57,0.91,1.33
Bulk Carrier,14.58,26.62,4.26,9,62824.11,0.93,1.36
Bulk Carrier,14.6,30.68,7.91,14,77352.14,0.9,1.32
Bulk Carrier,14.63,26.6,4.13,8,60850.38,0.89,1.3
Bulk Carrier,14.67,26.37,3.74,10,67765.4,0.89,1.31
Bulk Carrier,14.7,29.16,4.03,7,68571.43,0.94,1.38
Bulk Carrier,14.71,25.43,3.77,5,55676.2,0.94,1.38
Bulk Carrier,14.75,24.39,9.06,7,51280.86,0.94,1.38
Bulk Carrier,14.79,28.58,4.94,9,66972.22,0.93,1.38
Bulk Carrier,14.8,30.58,7.8,11,82309.55,0.9,1.34
Bulk Carrier,14.9,24.47,6.08,9,48861.11,0.93,1.39
Bulk Carrier,14.96,27.44,1.98,6,43666.67,0.95,1.42
Bulk Carrier,15.04,28.73,3.78,6,48929.17,0.95,1.43
Chemical Tanker,0.0,1.98,2.63,259,49365.97,0.92,0.0
Chemical Tanker,3.0,4.16,2.32,6,49363.0,0.88,0.28
Chemical Tanker,5.0,1.15,2.55,10,49375.6,0.86,0.45
Chemical Tanker,8.5,36.9,16.31,5,103887.4,0.97,0.87
Chemical Tanker,9.0,30.03,24.56,6,94797.0,0.95,0.9
Chemical Tanker,9.5,25.19,25.0,7,78565.14,0.96,0.95
Chemical Tanker,9.8,36.94,25.58,5,90253.6,0.97,1.0
Chemical Tanker,10.0,4.12,7.34,6,49370.33,0.9,0.94
Chemical Tanker,10.5,26.84,22.77,13,84819.38,0.93,1.03
Chemical Tanker,10.8,14.58,22.11,8,81419.75,0.91,1.03
Chemical Tanker,10.88,18.61,2.57,6,49366.67,0.98,1.11
Chemical Tanker,10.96,24.55,15.45,7,85998.71,0.96,1.1
Chemical Tanker,11.0,21.32,15.53,10,75000.2,0.91,1.05
Chemical Tanker,11.08,15.52,7.53,7,49359.86,0.96,1.11
Chemical Tanker,11.1,45.61,26.49,6,220315.0,0.88,1.02
Chemical Tanker,11.17,15.95,7.64,5,49352.6,0.97,1.14
Chemical Tanker,11.2,45.78,20.59,7,195897.0,0.89,1.05
Chemical Tanker,11.25,31.98,22.54,6,134857.67,0.92,1.09
Chemical Tanker,11.29,47.42,20.99,6,220322.67,0.88,1.04
Chemical Tanker,11.3,23.36,20.91,7,85995.86,0.89,1.06
Chemical Tanker,11.33,13.24,8.87,11,49360.09,0.95,1.12
Chemical Tanker,11.38,16.01,7.93,6,49351.0,1.0,1.19
Chemical Tanker,11.4,14.56,8.15,5,49367.0,0.85,1.02
Chemical Tanker,11.5,24.57,12.55,11,72682.27,0.93,1.13
Chemical Tanker,11.54,13.71,9.02,10,49354.8,0.96,1.16
Chemical Tanker,11.58,26.32,14.25,9,77863.67,0.92,1.11
Chemical Tanker,11.63,22.89,22.71,5,100642.6,0.97,1.18
Chemical Tanker,11.71,24.6,18.47,7,86002.43,0.91,1.12
Chemical Tanker,11.75,18.06,7.48,9,49356.11,0.98,1.21
Chemical Tanker,11.79,22.84,12.74,11,72673.91,0.95,1.17
Chemical Tanker,11.8,20.77,17.58,8,81414.0,0.96,1.19
Chemical Tanker,11.83,13.36,9.92,11,49364.09,0.95,1.17
Chemical Tanker,11.88,20.58,4.77,12,49360.33,0.96,1.2
Chemical Tanker,11.92,21.51,5.68,5,49361.4,0.97,1.21
Chemical Tanker,11.96,14.32,8.93,8,49355.0,1.0,1.26
Chemical Tanker,12.0,17.43,6.9,24,49361.58,0.93,1.17
Chemical Tanker,12.04,19.3,6.47,14,49366.57,0.95,1.2
Chemical Tanker,12.08,19.43,3.87,8,49360.75,0.94,1.2
Chemical Tanker,12.1,17.62,2.37,5,49366.6,0.94,1.19
Chemical Tanker,12.12,17.01,9.19,11,49372.82,0.93,1.19
Chemical Tanker,12.13,20.66,6.22,9,49368.78,0.92,1.17
Chemical Tanker,12.16,19.35,2.27,5,49361.8,0.97,1.24
Chemical Tanker,12.17,16.77,7.51,9,49366.11,0.97,1.24
Chemical Tanker,12.21,17.24,5.89,14,49363.0,0.96,1.23
Chemical Tanker,12.25,18.3,6.47,12,49372.0,0.95,1.22
Chemical Tanker,12.29,16.4,7.91,18,49367.67,0.96,1.24
Chemical Tanker,12.3,20.36,9.57,5,49367.0,0.85,1.1
Chemical Tanker,12.32,20.45,4.71,6,49370.0,0.95,1.23
Chemical Tanker,12.33,17.66,8.02,10,49368.6,0.97,1.26
Chemical Tanker,12.36,19.95,3.4,5,49375.4,0.91,1.18
Chemical Tanker,12.38,19.94,2.58,11,49368.27,0.96,1.25
Chemical Tanker,12.42,18.95,5.72,9,49363.89,0.95,1.24
Chemical Tanker,12.46,17.71,10.3,5,49370.6,0.94,1.23
Chemical Tanker,12.5,18.05,8.17,20,49376.8,0.89,1.16
Chemical Tanker,12.54,21.0,3.96,10,49366.4,0.89,1.18
Chemical Tanker,12.58,23.27,5.21,10,49375.4,0.89,1.18
Chemical Tanker,12.6,16.64,6.37,9,49376.78,0.85,1.12
Chemical Tanker,12.63,20.21,4.35,9,49368.78,0.95,1.26
Chemical Tanker,12.64,13.92,10.99,5,49370.6,0.97,1.29
Chemical Tanker,12.67,18.93,6.56,16,49374.75,0.92,1.22
Chemical Tanker,12.71,16.78,8.42,6,49377.67,0.92,1.23
Chemical Tanker,12.75,23.82,3.64,14,49376.43,0.88,1.18
Chemical Tanker,12.76,22.06,1.5,5,49375.4,0.94,1.26
Chemical Tanker,12.79,21.5,5.09,7,49369.57,0.89,1.2
Chemical Tanker,12.8,14.58,7.69,6,49359.0,0.92,1.24
Chemical Tanker,12.83,20.37,6.75,17,49373.24,0.92,1.24
Chemical Tanker,12.88,20.07,2.53,8,49363.5,0.94,1.28
Chemical Tanker,12.92,17.57,7.41,6,49370.67,0.92,1.25
Chemical Tanker,12.96,21.31,7.38,12,49377.83,0.89,1.21
Chemical Tanker,13.0,20.41,4.74,17,49370.53,0.88,1.2
Chemical Tanker,13.04,19.97,5.52,11,49374.45,0.9,1.24
Chemical Tanker,13.08,20.98,3.35,10,49373.2,0.91,1.25
Chemical Tanker,13.13,20.99,5.49,6,49378.0,0.9,1.24
Chemical Tanker,13.2,17.15,10.97,10,49369.0,0.88,1.22
Chemical Tanker,13.21,19.66,11.41,5,49375.4,0.88,1.22
Chemical Tanker,13.25,20.86,3.67,7,49369.57,0.94,1.3
Chemical Tanker,13.5,17.15,4.05,5,49361.8,0.91,1.29
Chemical Tanker,13.54,14.5,6.52,5,49366.6,0.91,1.29
Crude Oil Tanker,9.25,43.36,0.59,5,157327.0,1.0,0.88
Crude Oil Tanker,10.0,31.56,13.53,16,141982.0,0.96,0.91
Crude Oil Tanker,10.5,25.06,12.62,10,129009.6,0.94,0.94
Crude Oil Tanker,10.63,32.32,3.75,5,135651.2,1.0,1.01
Crude Oil Tanker,11.0,27.04,11.24,27,150490.22,0.97,1.01
Crude Oil Tanker,11.04,15.17,16.86,6,125846.83,1.0,1.05
Crude Oil Tanker,11.1,19.83,16.84,6,149989.0,0.98,1.03
Crude Oil Tanker,11.2,25.32,14.79,5,149989.0,1.0,1.06
Crude Oil Tanker,11.3,25.14,14.03,7,149989.0,0.96,1.03
Crude Oil Tanker,11.5,32.38,12.71,9,150190.67,0.97,1.06
Crude Oil Tanker,11.6,19.9,15.54,6,149989.0,0.92,1.02
Crude Oil Tanker,11.7,24.94,14.5,5,150048.0,0.97,1.08
Crude Oil Tanker,11.8,29.0,15.51,10,149989.0,0.97,1.09
Crude Oil Tanker,11.88,31.96,8.39,5,135010.4,0.91,1.03
Crude Oil Tanker,11.9,31.36,13.88,7,149989.0,0.98,1.11
Crude Oil Tanker,12.0,23.01,15.99,10,150077.5,0.92,1.05
Crude Oil Tanker,12.5,24.52,18.73,6,137844.17,0.9,1.07
General Cargo,7.8,10.38,0.61,5,11461.6,1.0,0.86
General Cargo,8.0,13.13,6.27,6,20670.67,1.0,0.88
General Cargo,8.7,11.37,2.41,6,13408.5,1.0,0.96
General Cargo,9.0,9.88,1.91,6,11364.5,1.0,0.99
General Cargo,9.2,11.09,1.96,7,12125.14,1.0,1.01
General Cargo,9.21,8.98,1.36,5,9674.8,1.0,1.01
General Cargo,9.29,8.42,1.48,5,8185.6,1.0,1.02
General Cargo,9.3,10.41,1.4,6,11773.17,1.0,1.02
General Cargo,9.38,9.03,1.72,6,11432.83,1.0,1.03
General Cargo,9.4,9.95,1.36,8,11615.18,0.98,1.01
General Cargo,9.42,8.44,0.9,5,9683.0,1.0,1.04
General Cargo,9.46,10.31,2.75,5,11358.2,0.97,1.01
General Cargo,9.5,10.2,2.61,13,11227.23,0.98,1.02
General Cargo,9.54,8.96,1.82,5,10124.6,1.0,1.05
General Cargo,9.75,9.56,1.41,5,10147.6,1.0,1.07
General Cargo,9.79,12.1,6.59,7,18586.14,1.0,1.08
General Cargo,9.8,10.8,2.22,5,10829.2,1.0,1.08
General Cargo,9.96,12.15,6.4,7,18429.57,1.0,1.1
General Cargo,10.0,9.08,3.26,13,10521.38,0.99,1.09
General Cargo,10.08,12.3,6.28,8,17604.5,1.0,1.11
General Cargo,10.1,10.2,1.52,7,11293.29,0.96,1.06
General Cargo,10.13,8.58,1.29,6,9459.17,0.98,1.09
General Cargo,10.2,10.79,1.16,13,12017.23,1.0,1.12
General Cargo,10.21,11.75,9.13,5,19591.2,1.0,1.12
General Cargo,10.25,13.32,6.97,8,23425.75,1.0,1.13
General Cargo,10.3,10.63,1.05,7,11826.57,1.0,1.13
General Cargo,10.33,12.94,6.84,6,18932.33,1.0,1.14
General Cargo,10.4,9.69,1.85,7,11709.71,0.96,1.09
General Cargo,10.42,16.58,8.86,5,31590.6,1.0,1.15
General Cargo,10.5,10.36,1.48,17,11546.24,0.98,1.13
General Cargo,10.54,9.94,0.81,6,10198.33,1.0,1.16
General Cargo,10.6,10.49,1.24,13,11764.46,1.0,1.17
General Cargo,10.63,9.24,0.91,5,10369.6,0.97,1.13
General Cargo,10.7,10.05,1.6,6,11911.33,1.0,1.18
General Cargo,10.71,7.96,2.37,6,10703.67,1.0,1.18
General Cargo,10.75,12.91,7.93,5,20234.2,1.0,1.18
General Cargo,10.8,11.15,2.57,9,12876.78,1.0,1.19
General Cargo,10.83,13.36,7.01,9,22045.11,0.98,1.17
General Cargo,10.88,15.02,9.13,8,29481.38,0.98,1.17
General Cargo,10.9,11.48,1.54,8,12037.75,1.0,1.2
General Cargo,10.92,13.03,8.61,5,20408.4,0.97,1.17
General Cargo,10.96,11.82,4.97,11,15484.82,1.0,1.21
General Cargo,11.0,11.17,3.6,28,13734.68,1.0,1.21
General Cargo,11.04,11.6,6.72,5,20475.4,1.0,1.21
General Cargo,11.08,14.81,7.26,8,23620.38,1.0,1.22
General Cargo,11.1,11.67,2.2,15,15028.2,1.0,1.22
General Cargo,11.13,16.44,9.17,8,29545.88,1.0,1.22
General Cargo,11.17,10.92,4.87,8,16735.75,1.0,1.23
General Cargo,11.2,11.09,1.61,12,11906.17,0.99,1.22
General Cargo,11.25,13.12,6.25,12,19125.75,0.98,1.21
General Cargo,11.29,12.78,7.25,7,21085.71,0.98,1.22
General Cargo,11.33,14.58,8.13,5,20468.4,1.0,1.25
General Cargo,11.38,14.42,9.05,6,26915.67,1.0,1.25
General Cargo,11.4,11.31,1.4,9,11834.22,1.0,1.25
General Cargo,11.46,12.82,4.2,8,15352.25,0.98,1.24
General Cargo,11.5,13.21,6.35,17,19735.65,0.96,1.22
General Cargo,11.54,15.96,9.29,9,27623.11,0.97,1.23
General Cargo,11.58,12.58,7.69,9,21936.11,0.98,1.25
General Cargo,11.6,11.36,0.65,6,10772.33,1.0,1.28
General Cargo,11.63,14.56,8.32,9,27009.0,0.98,1.26
General Cargo,11.67,13.06,7.4,8,23026.38,1.0,1.28
General Cargo,11.71,18.22,11.81,6,53535.0,1.0,1.29
General Cargo,11.75,21.08,8.27,8,49154.5,1.0,1.29
General Cargo,11.79,17.97,10.29,8,48978.25,1.0,1.3
General Cargo,11.8,14.64,4.04,7,17524.14,1.0,1.3
General Cargo,11.83,14.51,9.64,7,32980.0,1.0,1.3
General Cargo,11.88,16.33,8.7,9,33004.0,0.97,1.26
General Cargo,11.92,19.84,11.59,6,53110.33,0.98,1.28
General Cargo,11.96,18.34,7.53,5,35045.4,1.0,1.32
General Cargo,12.0,15.53,7.03,10,26231.8,0.97,1.28
General Cargo,12.04,12.88,8.85,6,36354.5,1.0,1.32
General Cargo,12.08,14.18,7.48,6,27176.33,0.92,1.23
General Cargo,12.29,14.48,6.02,5,21033.2,0.97,1.31
General Cargo,12.33,20.38,9.32,7,39374.0,1.0,1.36
General Cargo,12.38,22.49,5.9,11,44101.0,1.0,1.36
General Cargo,12.42,22.12,7.09,5,51331.2,1.0,1.37
General Cargo,12.46,23.0,4.99,8,49186.25,1.0,1.37
General Cargo,12.5,16.93,11.57,9,50162.22,0.97,1.33
General Cargo,12.54,20.37,9.54,8,42482.12,0.96,1.33
General Cargo,12.58,24.44,3.48,5,52143.6,1.0,1.38
General Cargo,12.63,24.66,7.07,6,53284.83,0.98,1.35
General Cargo,12.67,16.09,7.84,5,30826.2,0.94,1.31
General Cargo,12.71,20.42,8.34,8,43029.25,0.98,1.37
General Cargo,12.75,20.93,7.59,5,51568.4,0.97,1.36
General Cargo,12.83,19.63,8.03,6,36289.67,1.0,1.41
General Cargo,12.96,20.48,9.11,6,40418.67,1.0,1.43
General Cargo,13.0,20.52,9.01,9,53319.89,0.98,1.41
General Cargo,13.04,24.28,6.1,6,53099.67,0.95,1.36
General Cargo,13.08,24.86,3.23,5,56553.6,0.94,1.35
General Cargo,13.25,21.73,6.73,7,47299.29,1.0,1.46
General Cargo,13.29,23.87,2.69,5,61942.0,0.97,1.42
General Cargo,13.33,22.94,5.15,6,45333.83,0.98,1.43
General Cargo,13.38,22.29,8.46,5,41770.0,0.94,1.38
General Cargo,13.5,23.7,4.84,6,53499.17,0.98,1.45
General Cargo,13.63,26.73,0.97,5,61942.0,0.94,1.41
General Cargo,13.67,27.75,1.66,5,61942.0,0.91,1.37
General Cargo,13.71,26.69,0.68,5,61942.0,0.97,1.46
General Cargo,13.75,21.84,6.19,6,53099.67,0.98,1.47
General Cargo,13.88,26.91,2.29,5,61942.0,0.91,1.39
Open Hatch Cargo,9.3,24.01,4.23,5,62495.0,0.97,0.97
Open Hatch Cargo,9.5,21.05,3.85,6,63905.0,1.0,1.03
Open Hatch Cargo,9.8,22.27,4.52,9,60416.67,0.98,1.04
Open Hatch Cargo,9.9,24.55,4.31,5,63689.4,1.0,1.07
Open Hatch Cargo,10.0,19.75,1.34,6,59650.17,1.0,1.08
Open Hatch Cargo,10.3,24.26,3.14,8,63058.0,1.0,1.11
Open Hatch Cargo,10.5,22.43,7.18,14,60804.14,0.99,1.12
Open Hatch Cargo,10.6,20.17,5.87,7,64463.86,0.98,1.12
Open Hatch Cargo,10.7,24.58,3.28,6,63448.17,1.0,1.16
Open Hatch Cargo,10.75,22.98,4.33,9,60604.56,0.98,1.14
Open Hatch Cargo,10.8,23.06,3.62,9,63934.44,0.98,1.15
Open Hatch Cargo,10.83,26.73,1.61,8,62998.5,0.98,1.15
Open Hatch Cargo,10.88,23.47,2.79,6,62350.17,0.98,1.15
Open Hatch Cargo,10.9,22.95,4.33,7,64460.14,1.0,1.18
Open Hatch Cargo,10.92,22.19,5.5,9,56803.56,0.98,1.16
Open Hatch Cargo,10.96,24.76,4.16,12,60181.83,0.99,1.17
Open Hatch Cargo,11.0,23.6,3.57,18,61972.89,0.98,1.17
Open Hatch Cargo,11.04,22.89,4.77,8,60203.38,0.98,1.17
Open Hatch Cargo,11.08,24.73,2.68,10,63048.6,0.97,1.16
Open Hatch Cargo,11.1,23.44,6.71,16,62735.12,0.96,1.15
Open Hatch Cargo,11.13,25.15,4.57,9,60011.22,0.98,1.18
Open Hatch Cargo,11.17,25.08,3.28,10,61646.1,0.98,1.19
Open Hatch Cargo,11.2,22.16,4.56,13,62239.92,0.98,1.18
Open Hatch Cargo,11.21,17.85,12.54,7,63235.86,0.98,1.18
Open Hatch Cargo,11.25,24.44,4.51,13,58363.92,0.97,1.17
Open Hatch Cargo,11.29,26.18,3.46,8,62331.62,0.96,1.17
Open Hatch Cargo,11.3,23.85,4.13,12,63419.25,0.98,1.19
Open Hatch Cargo,11.33,20.93,5.16,6,53736.5,1.0,1.22
Open Hatch Cargo,11.38,25.69,4.28,9,59366.22,1.0,1.23
Open Hatch Cargo,11.4,23.07,4.25,11,64096.45,0.97,1.2
Open Hatch Cargo,11.42,26.03,3.27,13,62321.46,0.99,1.22
Open Hatch Cargo,11.46,25.57,3.0,5,64243.8,1.0,1.24
Open Hatch Cargo,11.5,24.49,4.9,36,62531.92,0.98,1.21
Open Hatch Cargo,11.54,26.61,1.61,12,63104.33,0.99,1.23
Open Hatch Cargo,11.58,25.8,1.87,10,62492.5,0.97,1.21
Open Hatch Cargo,11.6,23.52,3.51,22,64116.14,0.98,1.23
Open Hatch Cargo,11.63,24.36,3.87,8,62976.88,0.96,1.21
Open Hatch Cargo,11.67,27.02,1.01,13,62642.77,0.99,1.25
Open Hatch Cargo,11.7,24.72,3.19,25,63493.76,0.98,1.24
Open Hatch Cargo,11.71,26.0,2.88,10,63618.8,0.98,1.25
Open Hatch Cargo,11.75,25.28,3.97,13,60412.38,0.98,1.24
Open Hatch Cargo,11.79,25.58,2.71,14,61871.86,1.0,1.27
Open Hatch Cargo,11.8,23.78,3.58,26,63327.62,0.98,1.25
Open Hatch Cargo,11.83,25.96,1.47,9,63829.78,0.98,1.26
Open Hatch Cargo,11.88,19.5,11.05,10,61176.8,0.97,1.24
Open Hatch Cargo,11.9,25.36,2.94,19,63711.47,0.98,1.26
Open Hatch Cargo,11.92,26.43,2.76,15,63078.27,0.99,1.27
Open Hatch Cargo,12.0,24.75,3.66,52,63263.04,0.99,1.28
Open Hatch Cargo,12.04,26.62,2.41,25,62914.28,0.99,1.29
Open Hatch Cargo,12.08,25.26,3.52,15,63471.8,0.97,1.27
Open Hatch Cargo,12.1,24.67,3.34,26,63669.62,0.98,1.28
Open Hatch Cargo,12.13,25.68,2.64,15,63031.33,0.98,1.28
Open Hatch Cargo,12.17,25.76,2.61,20,62706.4,0.98,1.29
Open Hatch Cargo,12.2,25.07,3.54,37,63589.19,0.96,1.27
Open Hatch Cargo,12.21,25.34,2.55,10,62145.0,0.98,1.3
Open Hatch Cargo,12.25,25.59,2.82,21,62381.62,0.98,1.29
Open Hatch Cargo,12.29,24.93,3.41,9,62892.67,0.97,1.28
Open Hatch Cargo,12.3,23.96,3.73,37,63322.16,0.98,1.3
Open Hatch Cargo,12.33,26.17,1.5,18,62699.83,0.98,1.3
Open Hatch Cargo,12.38,26.19,2.53,24,62886.79,0.99,1.32
Open Hatch Cargo,12.4,25.37,2.84,32,63285.78,0.97,1.3
Open Hatch Cargo,12.42,25.92,2.38,13,62536.69,1.0,1.34
Open Hatch Cargo,12.46,26.0,2.04,10,63301.7,1.0,1.35
Open Hatch Cargo,12.48,25.42,3.35,7,64014.14,0.98,1.32
Open Hatch Cargo,12.5,24.15,3.07,57,62949.33,0.97,1.31
Open Hatch Cargo,12.54,26.44,1.58,23,62718.61,0.97,1.32
Open Hatch Cargo,12.58,27.06,2.63,14,63629.43,0.99,1.34
Open Hatch Cargo,12.6,24.25,3.41,37,63361.38,0.98,1.33
Open Hatch Cargo,12.63,25.68,2.43,23,63307.61,0.96,1.31
Open Hatch Cargo,12.67,25.14,2.77,24,63261.54,0.99,1.35
Open Hatch Cargo,12.7,24.84,3.74,38,63118.66,0.98,1.34
Open Hatch Cargo,12.71,26.37,1.76,12,62554.75,0.98,1.34
Open Hatch Cargo,12.75,25.65,2.59,29,62436.97,0.97,1.34
Open Hatch Cargo,12.79,26.62,1.94,23,62812.26,0.97,1.34
Open Hatch Cargo,12.8,25.17,2.53,43,63258.79,0.97,1.33
Open Hatch Cargo,12.83,25.76,2.22,25,63340.88,0.96,1.33
Open Hatch Cargo,12.84,25.07,2.39,5,61988.6,0.94,1.3
Open Hatch Cargo,12.88,25.29,3.07,23,63669.0,0.95,1.32
Open Hatch Cargo,12.9,24.92,2.89,45,63469.71,0.96,1.33
Open Hatch Cargo,12.92,25.1,3.48,15,64089.8,0.96,1.34
Open Hatch Cargo,12.96,24.86,5.01,33,62680.27,0.96,1.35
Open Hatch Cargo,13.0,25.38,2.54,71,62915.99,0.97,1.36
Open Hatch Cargo,13.04,26.15,1.91,20,63541.45,0.97,1.37
Open Hatch Cargo,13.08,25.78,1.98,32,63279.19,0.98,1.38
Open Hatch Cargo,13.1,25.18,2.47,34,63439.32,0.96,1.36
Open Hatch Cargo,13.13,25.8,1.18,16,63551.31,0.98,1.39
Open Hatch Cargo,13.16,25.75,2.48,7,63258.29,0.98,1.39
Open Hatch Cargo,13.17,26.11,1.85,27,62867.56,0.98,1.4
Open Hatch Cargo,13.2,25.1,2.05,52,63019.17,0.97,1.39
Open Hatch Cargo,13.21,25.77,2.33,14,62967.5,0.96,1.37
Open Hatch Cargo,13.25,25.9,1.38,30,62707.87,0.96,1.37
Open Hatch Cargo,13.29,25.14,2.81,16,63203.69,0.97,1.39
Open Hatch Cargo,13.3,24.87,2.47,57,62677.02,0.96,1.38
Open Hatch Cargo,13.32,27.53,0.95,5,63614.2,0.97,1.4
Open Hatch Cargo,13.33,26.02,2.28,18,63068.5,0.96,1.38
Open Hatch Cargo,13.36,25.2,2.25,6,62451.5,0.9,1.3
Open Hatch Cargo,13.38,25.75,1.29,15,62894.27,0.97,1.4
Open Hatch Cargo,13.4,25.31,2.08,44,62839.11,0.97,1.4
Open Hatch Cargo,13.42,26.22,1.62,33,62934.67,0.97,1.4
Open Hatch Cargo,13.44,25.15,1.26,5,62539.2,0.91,1.32
Open Hatch Cargo,13.46,25.22,1.68,20,62620.6,0.95,1.38
Open Hatch Cargo,13.48,26.47,0.65,9,62581.44,0.92,1.33
Open Hatch Cargo,13.5,25.45,2.03,78,63005.1,0.96,1.4
Open Hatch Cargo,13.52,26.37,1.35,7,63172.57,0.98,1.43
Open Hatch Cargo,13.54,26.18,1.43,24,63164.54,0.94,1.37
Open Hatch Cargo,13.56,26.13,0.75,8,62286.75,0.96,1.41
Open Hatch Cargo,13.58,24.86,4.42,36,63166.03,0.96,1.41
Open Hatch Cargo,13.6,25.94,1.35,35,62993.29,0.97,1.42
Open Hatch Cargo,13.63,25.6,1.99,21,63735.19,0.95,1.4
Open Hatch Cargo,13.64,25.83,1.48,10,62777.6,0.96,1.41
Open Hatch Cargo,13.67,25.59,1.84,26,63456.65,0.95,1.41
Open Hatch Cargo,13.68,25.66,1.42,8,61947.62,0.96,1.42
Open Hatch Cargo,13.7,25.76,1.81,42,63164.38,0.95,1.41
Open Hatch Cargo,13.71,25.18,1.51,16,62639.25,0.92,1.37
Open Hatch Cargo,13.72,26.04,1.64,8,63802.25,0.91,1.34
Open Hatch Cargo,13.75,25.23,2.5,31,62690.68,0.96,1.42
Open Hatch Cargo,13.79,25.99,1.4,20,63938.75,0.94,1.4
Open Hatch Cargo,13.8,25.88,1.23,63,63071.44,0.97,1.45
Open Hatch Cargo,13.83,25.36,1.97,20,63550.45,0.95,1.42
Open Hatch Cargo,13.84,26.8,1.48,5,63043.8,0.91,1.36
Open Hatch Cargo,13.88,26.06,1.7,18,62137.33,0.93,1.4
Open Hatch Cargo,13.9,25.41,1.38,34,63545.5,0.94,1.41
Open Hatch Cargo,13.92,25.95,1.47,22,63672.86,0.93,1.4
Open Hatch Cargo,13.96,26.49,1.28,33,63286.82,0.94,1.41
Open Hatch Cargo,14.0,25.81,1.36,60,63255.08,0.96,1.44
Open Hatch Cargo,14.04,25.7,1.09,21,62872.14,0.92,1.4
Open Hatch Cargo,14.08,26.18,1.21,18,63075.44,0.92,1.39
Open Hatch Cargo,14.1,25.36,1.62,31,63621.65,0.95,1.45
Open Hatch Cargo,14.12,25.92,1.43,8,62931.75,0.94,1.44
Open Hatch Cargo,14.13,26.25,1.88,15,62857.73,0.92,1.4
Open Hatch Cargo,14.16,26.56,1.43,5,63108.8,0.94,1.44
Open Hatch Cargo,14.17,25.44,1.39,16,62854.38,0.92,1.42
Open Hatch Cargo,14.2,25.86,0.95,35,62911.66,0.93,1.43
Open Hatch Cargo,14.21,25.62,1.02,8,62609.0,0.94,1.45
Open Hatch Cargo,14.25,26.16,1.04,15,62752.07,0.94,1.45
Open Hatch Cargo,14.3,25.86,1.72,25,63023.64,0.96,1.48
Open Hatch Cargo,14.32,26.95,0.71,7,62784.43,0.94,1.45
Open Hatch Cargo,14.33,25.47,1.6,8,63762.75,0.89,1.37
Open Hatch Cargo,14.36,25.94,0.55,5,63680.0,0.94,1.46
Open Hatch Cargo,14.37,26.24,0.89,5,62609.8,0.97,1.51
Open Hatch Cargo,14.38,25.53,0.67,9,62003.67,0.98,1.53
Open Hatch Cargo,14.4,25.85,1.34,25,62932.72,0.94,1.46
Open Hatch Cargo,14.46,25.9,1.61,6,62479.33,0.95,1.48
Open Hatch Cargo,14.5,25.42,1.09,22,63056.64,0.94,1.47
Open Hatch Cargo,14.58,26.47,1.84,7,62277.14,0.96,1.51
Open Hatch Cargo,14.6,26.39,1.26,13,62035.92,0.97,1.52
Open Hatch Cargo,14.7,25.55,0.45,8,63442.0,0.92,1.47
Open Hatch Cargo,14.9,25.78,0.7,5,62594.4,1.0,1.61
Other,10.25,15.64,9.2,6,28130.5,1.0,1.15
Other,10.3,26.21,14.82,6,93972.83,1.0,1.15
Other,10.4,38.6,1.52,5,174732.0,1.0,1.16
Other,11.0,16.57,9.23,18,38957.94,1.0,1.23
Other,11.17,19.73,12.17,5,43849.6,1.0,1.25
Other,11.4,11.88,0.57,5,17623.4,0.97,1.24
Other,11.46,25.33,14.31,5,88826.6,1.0,1.28
Other,11.5,18.28,9.77,8,43335.38,1.0,1.29
Other,11.7,11.99,0.37,5,11333.6,1.0,1.31
Other,11.83,16.71,2.22,7,36937.71,1.0,1.32
Other,11.9,15.21,5.75,6,22103.5,1.0,1.33
Other,12.3,18.96,7.81,5,28808.2,1.0,1.38
Other,12.8,24.7,1.26,5,56862.8,1.0,1.43
